{"schemaVersion":"1.0","appDefinitionTemplate":{"id":"/providers/Microsoft.PowerApps/apps/","type":"Microsoft.PowerApps/apps","tags":{"primaryDeviceWidth":"1366","primaryDeviceHeight":"768","supportsPortrait":"true","supportsLandscape":"true","primaryFormFactor":"Tablet","showStatusBar":"false","publisherVersion":"3.24092.16","minimumRequiredApiVersion":"2.2.0","hasComponent":"false","hasUnlockedComponent":"false","isUnifiedRootApp":"false","sienaVersion":"20240924T075153Z-3.24092.16.0"},"properties":{"appVersion":"2024-09-24T07:51:53Z","lifeCycleId":"Published","createdByClientVersion":{"major":3,"minor":24092,"build":16,"revision":0,"majorRevision":0,"minorRevision":0},"minClientVersion":{"major":3,"minor":24092,"build":16,"revision":0,"majorRevision":0,"minorRevision":0},"backgroundColor":"RGBA(0,176,240,1)","backgroundImageUri":"/1150476438666566544/Nbd1d33e7-3f8d-4678-ae10-2e915d5046ad-logoSmallFile","displayName":"Prompt Pal","description":"","commitMessage":"","appUris":{"documentUri":{"value":"/1150476438666566544/N26b8ef02-e0a8-4e61-a9b7-b3cb8fb698aa-document.msapp"},"imageUris":[],"additionalUris":[{"isSolutionAware":false,"value":"/1150476438666566544/Nf1e247af-5156-4458-8def-3564caa4c863-identity.json"}]},"createdTime":"0001-01-01T00:00:00Z","lastModifiedTime":"0001-01-01T00:00:00Z","sharedGroupsCount":0,"sharedUsersCount":0,"connectionReferences":{},"databaseReferences":{},"almMode":"Environment","performanceOptimizationEnabled":true,"canConsumeAppPass":false,"enableModernRuntimeMode":false,"executionRestrictions":{"isTeamsOnly":false,"dataLossPreventionEvaluationResult":{"status":"Compliant","lastEvaluationDate":"2024-09-18T15:45:56.6367786Z","violations":[],"violationsByPolicy":[],"violationErrorMessage":"L’application utilise les connecteurs suivants : shared_sharepointonline."}}},"appType":"ClassicCanvasApp","appComponents":[]}}