{"schemaVersion":"1.0","appDefinitionTemplate":{"id":"/providers/Microsoft.PowerApps/apps/","type":"Microsoft.PowerApps/apps","tags":{"primaryDeviceWidth":"1366","primaryDeviceHeight":"768","supportsPortrait":"true","supportsLandscape":"true","primaryFormFactor":"Tablet","showStatusBar":"false","publisherVersion":"3.24091.13","minimumRequiredApiVersion":"2.2.0","hasComponent":"false","hasUnlockedComponent":"false","isUnifiedRootApp":"false","sienaVersion":"20240922T061329Z-3.24091.13.0"},"properties":{"appVersion":"2024-09-22T06:13:29Z","lifeCycleId":"Published","createdByClientVersion":{"major":3,"minor":24091,"build":13,"revision":0,"majorRevision":0,"minorRevision":0},"minClientVersion":{"major":3,"minor":24091,"build":13,"revision":0,"majorRevision":0,"minorRevision":0},"backgroundColor":"RGBA(0,176,240,1)","backgroundImageUri":"/1150476438666566544/N3fa2088a-f5d7-4708-b3e2-01e698c07547-logoSmallFile","displayName":"Prompt Pal","description":"","commitMessage":"","appUris":{"documentUri":{"value":"/1150476438666566544/N3446c82b-eb63-4dfe-9015-99af63585c62-document.msapp"},"imageUris":[],"additionalUris":[{"isSolutionAware":false,"value":"/1150476438666566544/Ncff8f5a2-ac40-4dad-906c-99c4efe39fba-identity.json"}]},"createdTime":"0001-01-01T00:00:00Z","lastModifiedTime":"0001-01-01T00:00:00Z","sharedGroupsCount":0,"sharedUsersCount":0,"connectionReferences":{},"databaseReferences":{},"almMode":"Environment","performanceOptimizationEnabled":true,"canConsumeAppPass":false,"enableModernRuntimeMode":false,"executionRestrictions":{"isTeamsOnly":false,"dataLossPreventionEvaluationResult":{"status":"Compliant","lastEvaluationDate":"2024-09-18T15:45:56.6367786Z","violations":[],"violationsByPolicy":[],"violationErrorMessage":"L’application utilise les connecteurs suivants : shared_sharepointonline."}}},"appType":"ClassicCanvasApp","appComponents":[]}}